Workbook

Sheet Guide
A1: Turkish words and clues for Granny's Puzzle
A3: Where to write
A4: One word per row, on the sheet for its length (a 4-letter word goes on '4 letters'). Write in the white columns only; the beige ones (ID, Letters, Len) fill themselves.
A5: Write the word in lowercase Turkish letters, as in a dictionary: 'çay', 'iğne', 'ırmak'. The game makes the capitals itself (i → İ, ı → I).
A7: Columns
A8: Difficulty: Easy = everyone knows it, even a child (kedi, çay). Medium = normal adult vocabulary (fırça, rehber). Hard = literary or old-fashioned (adak, nezir); used only in later packs.
A9: Clue 1 to 3: at least one, ideally three, each from a different angle (a definition, an example, a fill-in-the-blank with ___). Verbs in their dictionary form ('koşmak').
A10: One spelling, several meanings: give each meaning its own clue on the same row. MÖ → 'Milattan önce' and 'İneğin sesi'. Don't write the word twice.
A11: Difficulty is for the word as a whole: all its clues should be about that hard. If one meaning is much harder than the others, leave it out.
A12: Notes: anything for us, such as a doubt about a word. Not used by the game.
A14: Clue rules (CLUE_STYLE.md has them all)
A15: At most 20 characters, spaces included. Plain everyday Turkish. Never the answer or a word from its family. Same form as the answer (a verb clue for a verb).
... A25: When a batch is done, tell Claude: it imports the file, and lists anything the importer rejects with the reason.

Sheet Summary
A1: Sheet | B1: Words | C1: Easy | D1: Medium | E1: Hard | F1: Goal | G1: Still to add
A2: 2 letters | B2: =COUNTA('2 letters'!B2:B2000) -> 0 | C2: =COUNTIF('2 letters'!D2:D2000,"Easy") -> 0 | D2: =COUNTIF('2 letters'!D2:D2000,"Medium") -> 0 | E2: =COUNTIF('2 letters'!D2:D2000,"Hard") -> 0 | F2: 50 | G2: =MAX(0,F2-B2) -> 50
A3: 3 letters | B3: =COUNTA('3 letters'!B2:B2000) -> 0 | C3: =COUNTIF('3 letters'!D2:D2000,"Easy") -> 0 | D3: =COUNTIF('3 letters'!D2:D2000,"Medium") -> 0 | E3: =COUNTIF('3 letters'!D2:D2000,"Hard") -> 0 | F3: 550 | G3: =MAX(0,F3-B3) -> 550
A4: 4 letters | B4: =COUNTA('4 letters'!B2:B2000) -> 0 | C4: =COUNTIF('4 letters'!D2:D2000,"Easy") -> 0 | D4: =COUNTIF('4 letters'!D2:D2000,"Medium") -> 0 | E4: =COUNTIF('4 letters'!D2:D2000,"Hard") -> 0 | F4: 700 | G4: =MAX(0,F4-B4) -> 700
A5: 5 letters | B5: =COUNTA('5 letters'!B2:B2000) -> 0 | C5: =COUNTIF('5 letters'!D2:D2000,"Easy") -> 0 | D5: =COUNTIF('5 letters'!D2:D2000,"Medium") -> 0 | E5: =COUNTIF('5 letters'!D2:D2000,"Hard") -> 0 | F5: 950 | G5: =MAX(0,F5-B5) -> 950
A6: 6 letters | B6: =COUNTA('6 letters'!B2:B2000) -> 0 | C6: =COUNTIF('6 letters'!D2:D2000,"Easy") -> 0 | D6: =COUNTIF('6 letters'!D2:D2000,"Medium") -> 0 | E6: =COUNTIF('6 letters'!D2:D2000,"Hard") -> 0 | F6: 550 | G6: =MAX(0,F6-B6) -> 550
A7: 7 letters | B7: =COUNTA('7 letters'!B2:B2000) -> 0 | C7: =COUNTIF('7 letters'!D2:D2000,"Easy") -> 0 | D7: =COUNTIF('7 letters'!D2:D2000,"Medium") -> 0 | E7: =COUNTIF('7 letters'!D2:D2000,"Hard") -> 0 | F7: 100 | G7: =MAX(0,F7-B7) -> 100
A8: 8 letters | B8: =COUNTA('8 letters'!B2:B2000) -> 0 | C8: =COUNTIF('8 letters'!D2:D2000,"Easy") -> 0 | D8: =COUNTIF('8 letters'!D2:D2000,"Medium") -> 0 | E8: =COUNTIF('8 letters'!D2:D2000,"Hard") -> 0 | F8: 50 | G8: =MAX(0,F8-B8) -> 50
A9: Total | B9: =SUM(B2:B8) -> 0 | C9: =SUM(C2:C8) -> 0 | D9: =SUM(D2:D8) -> 0 | E9: =SUM(E2:E8) -> 0 | F9: =SUM(F2:F8) -> 2950 | G9: =SUM(G2:G8) -> 2950
A11: The blue Goal numbers are typed in, not calculated: a suggested target of about 2,950 words, weighted to 3–6 letters because the generator needs those most. Short words (2–3 letters) get reused across levels, so more of them means less repetition. Change the goals whenever the plan changes.

Sheet 2 letters
A1: ID | B1: Word | C1: Letters | D1: Difficulty | E1: Clue 1 | F1: Len | G1: Clue 2 | H1: Len | I1: Clue 3 | J1: Len | K1: Notes
A2: =IF(B2="","",ROW()-1) | C2: =IF(B2="","",LEN(TRIM(B2))) | F2: =IF(E2="","",LEN(E2)) | H2: =IF(G2="","",LEN(G2)) | J2: =IF(I2="","",LEN(I2))
A3: =IF(B3="","",ROW()-1) | C3: =IF(B3="","",LEN(TRIM(B3))) | F3: =IF(E3="","",LEN(E3)) | H3: =IF(G3="","",LEN(G3)) | J3: =IF(I3="","",LEN(I3))
A4: =IF(B4="","",ROW()-1) | C4: =IF(B4="","",LEN(TRIM(B4))) | F4: =IF(E4="","",LEN(E4)) | H4: =IF(G4="","",LEN(G4)) | J4: =IF(I4="","",LEN(I4))
A5: =IF(B5="","",ROW()-1) | C5: =IF(B5="","",LEN(TRIM(B5))) | F5: =IF(E5="","",LEN(E5)) | H5: =IF(G5="","",LEN(G5)) | J5: =IF(I5="","",LEN(I5))
A6: =IF(B6="","",ROW()-1) | C6: =IF(B6="","",LEN(TRIM(B6))) | F6: =IF(E6="","",LEN(E6)) | H6: =IF(G6="","",LEN(G6)) | J6: =IF(I6="","",LEN(I6))
A7: =IF(B7="","",ROW()-1) | C7: =IF(B7="","",LEN(TRIM(B7))) | F7: =IF(E7="","",LEN(E7)) | H7: =IF(G7="","",LEN(G7)) | J7: =IF(I7="","",LEN(I7))
A8: =IF(B8="","",ROW()-1) | C8: =IF(B8="","",LEN(TRIM(B8))) | F8: =IF(E8="","",LEN(E8)) | H8: =IF(G8="","",LEN(G8)) | J8: =IF(I8="","",LEN(I8))
A9: =IF(B9="","",ROW()-1) | C9: =IF(B9="","",LEN(TRIM(B9))) | F9: =IF(E9="","",LEN(E9)) | H9: =IF(G9="","",LEN(G9)) | J9: =IF(I9="","",LEN(I9))
A10: =IF(B10="","",ROW()-1) | C10: =IF(B10="","",LEN(TRIM(B10))) | F10: =IF(E10="","",LEN(E10)) | H10: =IF(G10="","",LEN(G10)) | J10: =IF(I10="","",LEN(I10))
A11: =IF(B11="","",ROW()-1) | C11: =IF(B11="","",LEN(TRIM(B11))) | F11: =IF(E11="","",LEN(E11)) | H11: =IF(G11="","",LEN(G11)) | J11: =IF(I11="","",LEN(I11))
A12: =IF(B12="","",ROW()-1) | C12: =IF(B12="","",LEN(TRIM(B12))) | F12: =IF(E12="","",LEN(E12)) | H12: =IF(G12="","",LEN(G12)) | J12: =IF(I12="","",LEN(I12))
A13: =IF(B13="","",ROW()-1) | C13: =IF(B13="","",LEN(TRIM(B13))) | F13: =IF(E13="","",LEN(E13)) | H13: =IF(G13="","",LEN(G13)) | J13: =IF(I13="","",LEN(I13))
... A2000: =IF(B2000="","",ROW()-1) | C2000: =IF(B2000="","",LEN(TRIM(B2000))) | F2000: =IF(E2000="","",LEN(E2000)) | H2000: =IF(G2000="","",LEN(G2000)) | J2000: =IF(I2000="","",LEN(I2000))

Sheet 3 letters
A1: ID | B1: Word | C1: Letters | D1: Difficulty | E1: Clue 1 | F1: Len | G1: Clue 2 | H1: Len | I1: Clue 3 | J1: Len | K1: Notes
A2: =IF(B2="","",ROW()-1) | C2: =IF(B2="","",LEN(TRIM(B2))) | F2: =IF(E2="","",LEN(E2)) | H2: =IF(G2="","",LEN(G2)) | J2: =IF(I2="","",LEN(I2))
A3: =IF(B3="","",ROW()-1) | C3: =IF(B3="","",LEN(TRIM(B3))) | F3: =IF(E3="","",LEN(E3)) | H3: =IF(G3="","",LEN(G3)) | J3: =IF(I3="","",LEN(I3))
A4: =IF(B4="","",ROW()-1) | C4: =IF(B4="","",LEN(TRIM(B4))) | F4: =IF(E4="","",LEN(E4)) | H4: =IF(G4="","",LEN(G4)) | J4: =IF(I4="","",LEN(I4))
A5: =IF(B5="","",ROW()-1) | C5: =IF(B5="","",LEN(TRIM(B5))) | F5: =IF(E5="","",LEN(E5)) | H5: =IF(G5="","",LEN(G5)) | J5: =IF(I5="","",LEN(I5))
A6: =IF(B6="","",ROW()-1) | C6: =IF(B6="","",LEN(TRIM(B6))) | F6: =IF(E6="","",LEN(E6)) | H6: =IF(G6="","",LEN(G6)) | J6: =IF(I6="","",LEN(I6))
A7: =IF(B7="","",ROW()-1) | C7: =IF(B7="","",LEN(TRIM(B7))) | F7: =IF(E7="","",LEN(E7)) | H7: =IF(G7="","",LEN(G7)) | J7: =IF(I7="","",LEN(I7))
A8: =IF(B8="","",ROW()-1) | C8: =IF(B8="","",LEN(TRIM(B8))) | F8: =IF(E8="","",LEN(E8)) | H8: =IF(G8="","",LEN(G8)) | J8: =IF(I8="","",LEN(I8))
A9: =IF(B9="","",ROW()-1) | C9: =IF(B9="","",LEN(TRIM(B9))) | F9: =IF(E9="","",LEN(E9)) | H9: =IF(G9="","",LEN(G9)) | J9: =IF(I9="","",LEN(I9))
A10: =IF(B10="","",ROW()-1) | C10: =IF(B10="","",LEN(TRIM(B10))) | F10: =IF(E10="","",LEN(E10)) | H10: =IF(G10="","",LEN(G10)) | J10: =IF(I10="","",LEN(I10))
A11: =IF(B11="","",ROW()-1) | C11: =IF(B11="","",LEN(TRIM(B11))) | F11: =IF(E11="","",LEN(E11)) | H11: =IF(G11="","",LEN(G11)) | J11: =IF(I11="","",LEN(I11))
A12: =IF(B12="","",ROW()-1) | C12: =IF(B12="","",LEN(TRIM(B12))) | F12: =IF(E12="","",LEN(E12)) | H12: =IF(G12="","",LEN(G12)) | J12: =IF(I12="","",LEN(I12))
A13: =IF(B13="","",ROW()-1) | C13: =IF(B13="","",LEN(TRIM(B13))) | F13: =IF(E13="","",LEN(E13)) | H13: =IF(G13="","",LEN(G13)) | J13: =IF(I13="","",LEN(I13))
... A2000: =IF(B2000="","",ROW()-1) | C2000: =IF(B2000="","",LEN(TRIM(B2000))) | F2000: =IF(E2000="","",LEN(E2000)) | H2000: =IF(G2000="","",LEN(G2000)) | J2000: =IF(I2000="","",LEN(I2000))

Sheet 4 letters
A1: ID | B1: Word | C1: Letters | D1: Difficulty | E1: Clue 1 | F1: Len | G1: Clue 2 | H1: Len | I1: Clue 3 | J1: Len | K1: Notes
A2: =IF(B2="","",ROW()-1) | C2: =IF(B2="","",LEN(TRIM(B2))) | F2: =IF(E2="","",LEN(E2)) | H2: =IF(G2="","",LEN(G2)) | J2: =IF(I2="","",LEN(I2))
A3: =IF(B3="","",ROW()-1) | C3: =IF(B3="","",LEN(TRIM(B3))) | F3: =IF(E3="","",LEN(E3)) | H3: =IF(G3="","",LEN(G3)) | J3: =IF(I3="","",LEN(I3))
A4: =IF(B4="","",ROW()-1) | C4: =IF(B4="","",LEN(TRIM(B4))) | F4: =IF(E4="","",LEN(E4)) | H4: =IF(G4="","",LEN(G4)) | J4: =IF(I4="","",LEN(I4))
A5: =IF(B5="","",ROW()-1) | C5: =IF(B5="","",LEN(TRIM(B5))) | F5: =IF(E5="","",LEN(E5)) | H5: =IF(G5="","",LEN(G5)) | J5: =IF(I5="","",LEN(I5))
A6: =IF(B6="","",ROW()-1) | C6: =IF(B6="","",LEN(TRIM(B6))) | F6: =IF(E6="","",LEN(E6)) | H6: =IF(G6="","",LEN(G6)) | J6: =IF(I6="","",LEN(I6))
A7: =IF(B7="","",ROW()-1) | C7: =IF(B7="","",LEN(TRIM(B7))) | F7: =IF(E7="","",LEN(E7)) | H7: =IF(G7="","",LEN(G7)) | J7: =IF(I7="","",LEN(I7))
A8: =IF(B8="","",ROW()-1) | C8: =IF(B8="","",LEN(TRIM(B8))) | F8: =IF(E8="","",LEN(E8)) | H8: =IF(G8="","",LEN(G8)) | J8: =IF(I8="","",LEN(I8))
A9: =IF(B9="","",ROW()-1) | C9: =IF(B9="","",LEN(TRIM(B9))) | F9: =IF(E9="","",LEN(E9)) | H9: =IF(G9="","",LEN(G9)) | J9: =IF(I9="","",LEN(I9))
A10: =IF(B10="","",ROW()-1) | C10: =IF(B10="","",LEN(TRIM(B10))) | F10: =IF(E10="","",LEN(E10)) | H10: =IF(G10="","",LEN(G10)) | J10: =IF(I10="","",LEN(I10))
A11: =IF(B11="","",ROW()-1) | C11: =IF(B11="","",LEN(TRIM(B11))) | F11: =IF(E11="","",LEN(E11)) | H11: =IF(G11="","",LEN(G11)) | J11: =IF(I11="","",LEN(I11))
A12: =IF(B12="","",ROW()-1) | C12: =IF(B12="","",LEN(TRIM(B12))) | F12: =IF(E12="","",LEN(E12)) | H12: =IF(G12="","",LEN(G12)) | J12: =IF(I12="","",LEN(I12))
A13: =IF(B13="","",ROW()-1) | C13: =IF(B13="","",LEN(TRIM(B13))) | F13: =IF(E13="","",LEN(E13)) | H13: =IF(G13="","",LEN(G13)) | J13: =IF(I13="","",LEN(I13))
... A2000: =IF(B2000="","",ROW()-1) | C2000: =IF(B2000="","",LEN(TRIM(B2000))) | F2000: =IF(E2000="","",LEN(E2000)) | H2000: =IF(G2000="","",LEN(G2000)) | J2000: =IF(I2000="","",LEN(I2000))

Sheet 5 letters
A1: ID | B1: Word | C1: Letters | D1: Difficulty | E1: Clue 1 | F1: Len | G1: Clue 2 | H1: Len | I1: Clue 3 | J1: Len | K1: Notes
A2: =IF(B2="","",ROW()-1) | C2: =IF(B2="","",LEN(TRIM(B2))) | F2: =IF(E2="","",LEN(E2)) | H2: =IF(G2="","",LEN(G2)) | J2: =IF(I2="","",LEN(I2))
A3: =IF(B3="","",ROW()-1) | C3: =IF(B3="","",LEN(TRIM(B3))) | F3: =IF(E3="","",LEN(E3)) | H3: =IF(G3="","",LEN(G3)) | J3: =IF(I3="","",LEN(I3))
A4: =IF(B4="","",ROW()-1) | C4: =IF(B4="","",LEN(TRIM(B4))) | F4: =IF(E4="","",LEN(E4)) | H4: =IF(G4="","",LEN(G4)) | J4: =IF(I4="","",LEN(I4))
A5: =IF(B5="","",ROW()-1) | C5: =IF(B5="","",LEN(TRIM(B5))) | F5: =IF(E5="","",LEN(E5)) | H5: =IF(G5="","",LEN(G5)) | J5: =IF(I5="","",LEN(I5))
A6: =IF(B6="","",ROW()-1) | C6: =IF(B6="","",LEN(TRIM(B6))) | F6: =IF(E6="","",LEN(E6)) | H6: =IF(G6="","",LEN(G6)) | J6: =IF(I6="","",LEN(I6))
A7: =IF(B7="","",ROW()-1) | C7: =IF(B7="","",LEN(TRIM(B7))) | F7: =IF(E7="","",LEN(E7)) | H7: =IF(G7="","",LEN(G7)) | J7: =IF(I7="","",LEN(I7))
A8: =IF(B8="","",ROW()-1) | C8: =IF(B8="","",LEN(TRIM(B8))) | F8: =IF(E8="","",LEN(E8)) | H8: =IF(G8="","",LEN(G8)) | J8: =IF(I8="","",LEN(I8))
A9: =IF(B9="","",ROW()-1) | C9: =IF(B9="","",LEN(TRIM(B9))) | F9: =IF(E9="","",LEN(E9)) | H9: =IF(G9="","",LEN(G9)) | J9: =IF(I9="","",LEN(I9))
A10: =IF(B10="","",ROW()-1) | C10: =IF(B10="","",LEN(TRIM(B10))) | F10: =IF(E10="","",LEN(E10)) | H10: =IF(G10="","",LEN(G10)) | J10: =IF(I10="","",LEN(I10))
A11: =IF(B11="","",ROW()-1) | C11: =IF(B11="","",LEN(TRIM(B11))) | F11: =IF(E11="","",LEN(E11)) | H11: =IF(G11="","",LEN(G11)) | J11: =IF(I11="","",LEN(I11))
A12: =IF(B12="","",ROW()-1) | C12: =IF(B12="","",LEN(TRIM(B12))) | F12: =IF(E12="","",LEN(E12)) | H12: =IF(G12="","",LEN(G12)) | J12: =IF(I12="","",LEN(I12))
A13: =IF(B13="","",ROW()-1) | C13: =IF(B13="","",LEN(TRIM(B13))) | F13: =IF(E13="","",LEN(E13)) | H13: =IF(G13="","",LEN(G13)) | J13: =IF(I13="","",LEN(I13))
... A2000: =IF(B2000="","",ROW()-1) | C2000: =IF(B2000="","",LEN(TRIM(B2000))) | F2000: =IF(E2000="","",LEN(E2000)) | H2000: =IF(G2000="","",LEN(G2000)) | J2000: =IF(I2000="","",LEN(I2000))

Sheet 6 letters
A1: ID | B1: Word | C1: Letters | D1: Difficulty | E1: Clue 1 | F1: Len | G1: Clue 2 | H1: Len | I1: Clue 3 | J1: Len | K1: Notes
A2: =IF(B2="","",ROW()-1) | C2: =IF(B2="","",LEN(TRIM(B2))) | F2: =IF(E2="","",LEN(E2)) | H2: =IF(G2="","",LEN(G2)) | J2: =IF(I2="","",LEN(I2))
A3: =IF(B3="","",ROW()-1) | C3: =IF(B3="","",LEN(TRIM(B3))) | F3: =IF(E3="","",LEN(E3)) | H3: =IF(G3="","",LEN(G3)) | J3: =IF(I3="","",LEN(I3))
A4: =IF(B4="","",ROW()-1) | C4: =IF(B4="","",LEN(TRIM(B4))) | F4: =IF(E4="","",LEN(E4)) | H4: =IF(G4="","",LEN(G4)) | J4: =IF(I4="","",LEN(I4))
A5: =IF(B5="","",ROW()-1) | C5: =IF(B5="","",LEN(TRIM(B5))) | F5: =IF(E5="","",LEN(E5)) | H5: =IF(G5="","",LEN(G5)) | J5: =IF(I5="","",LEN(I5))
A6: =IF(B6="","",ROW()-1) | C6: =IF(B6="","",LEN(TRIM(B6))) | F6: =IF(E6="","",LEN(E6)) | H6: =IF(G6="","",LEN(G6)) | J6: =IF(I6="","",LEN(I6))
A7: =IF(B7="","",ROW()-1) | C7: =IF(B7="","",LEN(TRIM(B7))) | F7: =IF(E7="","",LEN(E7)) | H7: =IF(G7="","",LEN(G7)) | J7: =IF(I7="","",LEN(I7))
A8: =IF(B8="","",ROW()-1) | C8: =IF(B8="","",LEN(TRIM(B8))) | F8: =IF(E8="","",LEN(E8)) | H8: =IF(G8="","",LEN(G8)) | J8: =IF(I8="","",LEN(I8))
A9: =IF(B9="","",ROW()-1) | C9: =IF(B9="","",LEN(TRIM(B9))) | F9: =IF(E9="","",LEN(E9)) | H9: =IF(G9="","",LEN(G9)) | J9: =IF(I9="","",LEN(I9))
A10: =IF(B10="","",ROW()-1) | C10: =IF(B10="","",LEN(TRIM(B10))) | F10: =IF(E10="","",LEN(E10)) | H10: =IF(G10="","",LEN(G10)) | J10: =IF(I10="","",LEN(I10))
A11: =IF(B11="","",ROW()-1) | C11: =IF(B11="","",LEN(TRIM(B11))) | F11: =IF(E11="","",LEN(E11)) | H11: =IF(G11="","",LEN(G11)) | J11: =IF(I11="","",LEN(I11))
A12: =IF(B12="","",ROW()-1) | C12: =IF(B12="","",LEN(TRIM(B12))) | F12: =IF(E12="","",LEN(E12)) | H12: =IF(G12="","",LEN(G12)) | J12: =IF(I12="","",LEN(I12))
A13: =IF(B13="","",ROW()-1) | C13: =IF(B13="","",LEN(TRIM(B13))) | F13: =IF(E13="","",LEN(E13)) | H13: =IF(G13="","",LEN(G13)) | J13: =IF(I13="","",LEN(I13))
... A2000: =IF(B2000="","",ROW()-1) | C2000: =IF(B2000="","",LEN(TRIM(B2000))) | F2000: =IF(E2000="","",LEN(E2000)) | H2000: =IF(G2000="","",LEN(G2000)) | J2000: =IF(I2000="","",LEN(I2000))

Sheet 7 letters
A1: ID | B1: Word | C1: Letters | D1: Difficulty | E1: Clue 1 | F1: Len | G1: Clue 2 | H1: Len | I1: Clue 3 | J1: Len | K1: Notes
A2: =IF(B2="","",ROW()-1) | C2: =IF(B2="","",LEN(TRIM(B2))) | F2: =IF(E2="","",LEN(E2)) | H2: =IF(G2="","",LEN(G2)) | J2: =IF(I2="","",LEN(I2))
A3: =IF(B3="","",ROW()-1) | C3: =IF(B3="","",LEN(TRIM(B3))) | F3: =IF(E3="","",LEN(E3)) | H3: =IF(G3="","",LEN(G3)) | J3: =IF(I3="","",LEN(I3))
A4: =IF(B4="","",ROW()-1) | C4: =IF(B4="","",LEN(TRIM(B4))) | F4: =IF(E4="","",LEN(E4)) | H4: =IF(G4="","",LEN(G4)) | J4: =IF(I4="","",LEN(I4))
A5: =IF(B5="","",ROW()-1) | C5: =IF(B5="","",LEN(TRIM(B5))) | F5: =IF(E5="","",LEN(E5)) | H5: =IF(G5="","",LEN(G5)) | J5: =IF(I5="","",LEN(I5))
A6: =IF(B6="","",ROW()-1) | C6: =IF(B6="","",LEN(TRIM(B6))) | F6: =IF(E6="","",LEN(E6)) | H6: =IF(G6="","",LEN(G6)) | J6: =IF(I6="","",LEN(I6))
A7: =IF(B7="","",ROW()-1) | C7: =IF(B7="","",LEN(TRIM(B7))) | F7: =IF(E7="","",LEN(E7)) | H7: =IF(G7="","",LEN(G7)) | J7: =IF(I7="","",LEN(I7))
A8: =IF(B8="","",ROW()-1) | C8: =IF(B8="","",LEN(TRIM(B8))) | F8: =IF(E8="","",LEN(E8)) | H8: =IF(G8="","",LEN(G8)) | J8: =IF(I8="","",LEN(I8))
A9: =IF(B9="","",ROW()-1) | C9: =IF(B9="","",LEN(TRIM(B9))) | F9: =IF(E9="","",LEN(E9)) | H9: =IF(G9="","",LEN(G9)) | J9: =IF(I9="","",LEN(I9))
A10: =IF(B10="","",ROW()-1) | C10: =IF(B10="","",LEN(TRIM(B10))) | F10: =IF(E10="","",LEN(E10)) | H10: =IF(G10="","",LEN(G10)) | J10: =IF(I10="","",LEN(I10))
A11: =IF(B11="","",ROW()-1) | C11: =IF(B11="","",LEN(TRIM(B11))) | F11: =IF(E11="","",LEN(E11)) | H11: =IF(G11="","",LEN(G11)) | J11: =IF(I11="","",LEN(I11))
A12: =IF(B12="","",ROW()-1) | C12: =IF(B12="","",LEN(TRIM(B12))) | F12: =IF(E12="","",LEN(E12)) | H12: =IF(G12="","",LEN(G12)) | J12: =IF(I12="","",LEN(I12))
A13: =IF(B13="","",ROW()-1) | C13: =IF(B13="","",LEN(TRIM(B13))) | F13: =IF(E13="","",LEN(E13)) | H13: =IF(G13="","",LEN(G13)) | J13: =IF(I13="","",LEN(I13))
... A2000: =IF(B2000="","",ROW()-1) | C2000: =IF(B2000="","",LEN(TRIM(B2000))) | F2000: =IF(E2000="","",LEN(E2000)) | H2000: =IF(G2000="","",LEN(G2000)) | J2000: =IF(I2000="","",LEN(I2000))

Sheet 8 letters
A1: ID | B1: Word | C1: Letters | D1: Difficulty | E1: Clue 1 | F1: Len | G1: Clue 2 | H1: Len | I1: Clue 3 | J1: Len | K1: Notes
A2: =IF(B2="","",ROW()-1) | C2: =IF(B2="","",LEN(TRIM(B2))) | F2: =IF(E2="","",LEN(E2)) | H2: =IF(G2="","",LEN(G2)) | J2: =IF(I2="","",LEN(I2))
A3: =IF(B3="","",ROW()-1) | C3: =IF(B3="","",LEN(TRIM(B3))) | F3: =IF(E3="","",LEN(E3)) | H3: =IF(G3="","",LEN(G3)) | J3: =IF(I3="","",LEN(I3))
A4: =IF(B4="","",ROW()-1) | C4: =IF(B4="","",LEN(TRIM(B4))) | F4: =IF(E4="","",LEN(E4)) | H4: =IF(G4="","",LEN(G4)) | J4: =IF(I4="","",LEN(I4))
A5: =IF(B5="","",ROW()-1) | C5: =IF(B5="","",LEN(TRIM(B5))) | F5: =IF(E5="","",LEN(E5)) | H5: =IF(G5="","",LEN(G5)) | J5: =IF(I5="","",LEN(I5))
A6: =IF(B6="","",ROW()-1) | C6: =IF(B6="","",LEN(TRIM(B6))) | F6: =IF(E6="","",LEN(E6)) | H6: =IF(G6="","",LEN(G6)) | J6: =IF(I6="","",LEN(I6))
A7: =IF(B7="","",ROW()-1) | C7: =IF(B7="","",LEN(TRIM(B7))) | F7: =IF(E7="","",LEN(E7)) | H7: =IF(G7="","",LEN(G7)) | J7: =IF(I7="","",LEN(I7))
A8: =IF(B8="","",ROW()-1) | C8: =IF(B8="","",LEN(TRIM(B8))) | F8: =IF(E8="","",LEN(E8)) | H8: =IF(G8="","",LEN(G8)) | J8: =IF(I8="","",LEN(I8))
A9: =IF(B9="","",ROW()-1) | C9: =IF(B9="","",LEN(TRIM(B9))) | F9: =IF(E9="","",LEN(E9)) | H9: =IF(G9="","",LEN(G9)) | J9: =IF(I9="","",LEN(I9))
A10: =IF(B10="","",ROW()-1) | C10: =IF(B10="","",LEN(TRIM(B10))) | F10: =IF(E10="","",LEN(E10)) | H10: =IF(G10="","",LEN(G10)) | J10: =IF(I10="","",LEN(I10))
A11: =IF(B11="","",ROW()-1) | C11: =IF(B11="","",LEN(TRIM(B11))) | F11: =IF(E11="","",LEN(E11)) | H11: =IF(G11="","",LEN(G11)) | J11: =IF(I11="","",LEN(I11))
A12: =IF(B12="","",ROW()-1) | C12: =IF(B12="","",LEN(TRIM(B12))) | F12: =IF(E12="","",LEN(E12)) | H12: =IF(G12="","",LEN(G12)) | J12: =IF(I12="","",LEN(I12))
A13: =IF(B13="","",ROW()-1) | C13: =IF(B13="","",LEN(TRIM(B13))) | F13: =IF(E13="","",LEN(E13)) | H13: =IF(G13="","",LEN(G13)) | J13: =IF(I13="","",LEN(I13))
... A2000: =IF(B2000="","",ROW()-1) | C2000: =IF(B2000="","",LEN(TRIM(B2000))) | F2000: =IF(E2000="","",LEN(E2000)) | H2000: =IF(G2000="","",LEN(G2000)) | J2000: =IF(I2000="","",LEN(I2000))
